PERMNO,date,TICKER,COMNAM,BID
14593,01/03/2007,AAPL,APPLE COMPUTER INC,83.76000
14593,01/04/2007,AAPL,APPLE COMPUTER INC,85.62000
14593,01/05/2007,AAPL,APPLE COMPUTER INC,85.15000
14593,01/08/2007,AAPL,APPLE COMPUTER INC,85.46000
14593,01/09/2007,AAPL,APPLE COMPUTER INC,92.53000
14593,01/10/2007,AAPL,APPLE COMPUTER INC,97.15000
14593,01/11/2007,AAPL,APPLE INC,95.85000
14593,01/12/2007,AAPL,APPLE INC,94.67000
14593,01/16/2007,AAPL,APPLE INC,97.05000
14593,01/17/2007,AAPL,APPLE INC,95.00000
14593,01/18/2007,AAPL,APPLE INC,89.07000
14593,01/19/2007,AAPL,APPLE INC,88.49000
14593,01/22/2007,AAPL,APPLE INC,86.77000
14593,01/23/2007,AAPL,APPLE INC,85.69000
14593,01/24/2007,AAPL,APPLE INC,86.69000
14593,01/25/2007,AAPL,APPLE INC,86.25000
14593,01/26/2007,AAPL,APPLE INC,85.43000
14593,01/29/2007,AAPL,APPLE INC,85.93000
14593,01/30/2007,AAPL,APPLE INC,85.55000
14593,01/31/2007,AAPL,APPLE INC,85.77000
14593,02/01/2007,AAPL,APPLE INC,84.73000
14593,02/02/2007,AAPL,APPLE INC,84.78000
14593,02/05/2007,AAPL,APPLE INC,83.95000
14593,02/06/2007,AAPL,APPLE INC,84.08000
14593,02/07/2007,AAPL,APPLE INC,86.14000
14593,02/08/2007,AAPL,APPLE INC,86.16000
14593,02/09/2007,AAPL,APPLE INC,83.27000
14593,02/12/2007,AAPL,APPLE INC,84.93000
14593,02/13/2007,AAPL,APPLE INC,84.63000
14593,02/14/2007,AAPL,APPLE INC,85.24000
14593,02/15/2007,AAPL,APPLE INC,85.20000
14593,02/16/2007,AAPL,APPLE INC,84.81000
14593,02/20/2007,AAPL,APPLE INC,85.88000
14593,02/21/2007,AAPL,APPLE INC,89.19000
14593,02/22/2007,AAPL,APPLE INC,89.48000
14593,02/23/2007,AAPL,APPLE INC,89.00000
14593,02/26/2007,AAPL,APPLE INC,88.51000
14593,02/27/2007,AAPL,APPLE INC,84.45000
14593,02/28/2007,AAPL,APPLE INC,84.56000
14593,03/01/2007,AAPL,APPLE INC,87.10000
14593,03/02/2007,AAPL,APPLE INC,85.41000
14593,03/05/2007,AAPL,APPLE INC,86.28000
14593,03/06/2007,AAPL,APPLE INC,88.12000
14593,03/07/2007,AAPL,APPLE INC,87.67000
14593,03/08/2007,AAPL,APPLE INC,87.96000
14593,03/09/2007,AAPL,APPLE INC,87.95000
14593,03/12/2007,AAPL,APPLE INC,89.88000
14593,03/13/2007,AAPL,APPLE INC,88.41000
14593,03/14/2007,AAPL,APPLE INC,89.98000
14593,03/15/2007,AAPL,APPLE INC,89.53000
14593,03/16/2007,AAPL,APPLE INC,89.57000
14593,03/19/2007,AAPL,APPLE INC,91.10000
14593,03/20/2007,AAPL,APPLE INC,91.47000
14593,03/21/2007,AAPL,APPLE INC,93.82000
14593,03/22/2007,AAPL,APPLE INC,93.85000
14593,03/23/2007,AAPL,APPLE INC,93.52000
14593,03/26/2007,AAPL,APPLE INC,95.86000
14593,03/27/2007,AAPL,APPLE INC,95.42000
14593,03/28/2007,AAPL,APPLE INC,93.21000
14593,03/29/2007,AAPL,APPLE INC,93.73000
14593,03/30/2007,AAPL,APPLE INC,92.85000
14593,04/02/2007,AAPL,APPLE INC,93.62000
14593,04/03/2007,AAPL,APPLE INC,94.47000
14593,04/04/2007,AAPL,APPLE INC,94.29000
14593,04/05/2007,AAPL,APPLE INC,94.67000
14593,04/09/2007,AAPL,APPLE INC,93.60000
14593,04/10/2007,AAPL,APPLE INC,94.24000
14593,04/11/2007,AAPL,APPLE INC,92.52000
14593,04/12/2007,AAPL,APPLE INC,92.15000
14593,04/13/2007,AAPL,APPLE INC,90.23000
14593,04/16/2007,AAPL,APPLE INC,91.42000
14593,04/17/2007,AAPL,APPLE INC,90.34000
14593,04/18/2007,AAPL,APPLE INC,90.34000
14593,04/19/2007,AAPL,APPLE INC,90.24000
14593,04/20/2007,AAPL,APPLE INC,90.96000
14593,04/23/2007,AAPL,APPLE INC,93.52000
14593,04/24/2007,AAPL,APPLE INC,93.23000
14593,04/25/2007,AAPL,APPLE INC,95.31000
14593,04/26/2007,AAPL,APPLE INC,98.81000
14593,04/27/2007,AAPL,APPLE INC,99.90000
14593,04/30/2007,AAPL,APPLE INC,99.80000
14593,05/01/2007,AAPL,APPLE INC,99.40000
14593,05/02/2007,AAPL,APPLE INC,100.37000
14593,05/03/2007,AAPL,APPLE INC,100.39000
14593,05/04/2007,AAPL,APPLE INC,100.78000
14593,05/07/2007,AAPL,APPLE INC,103.90000
14593,05/08/2007,AAPL,APPLE INC,105.07000
14593,05/09/2007,AAPL,APPLE INC,106.90000
14593,05/10/2007,AAPL,APPLE INC,107.34000
14593,05/11/2007,AAPL,APPLE INC,108.75000
14593,05/14/2007,AAPL,APPLE INC,109.41000
14593,05/15/2007,AAPL,APPLE INC,107.51000
14593,05/16/2007,AAPL,APPLE INC,107.31000
14593,05/17/2007,AAPL,APPLE INC,109.45000
14593,05/18/2007,AAPL,APPLE INC,110.01000
14593,05/21/2007,AAPL,APPLE INC,111.97000
14593,05/22/2007,AAPL,APPLE INC,113.52000
14593,05/23/2007,AAPL,APPLE INC,112.89000
14593,05/24/2007,AAPL,APPLE INC,110.69000
14593,05/25/2007,AAPL,APPLE INC,113.62000
14593,05/29/2007,AAPL,APPLE INC,114.36000
14593,05/30/2007,AAPL,APPLE INC,118.76000
14593,05/31/2007,AAPL,APPLE INC,121.29000
14593,06/01/2007,AAPL,APPLE INC,118.35000
14593,06/04/2007,AAPL,APPLE INC,121.30000
14593,06/05/2007,AAPL,APPLE INC,122.68000
14593,06/06/2007,AAPL,APPLE INC,123.63000
14593,06/07/2007,AAPL,APPLE INC,124.06000
14593,06/08/2007,AAPL,APPLE INC,124.46000
14593,06/11/2007,AAPL,APPLE INC,120.19000
14593,06/12/2007,AAPL,APPLE INC,120.38000
14593,06/13/2007,AAPL,APPLE INC,117.45000
14593,06/14/2007,AAPL,APPLE INC,118.76000
14593,06/15/2007,AAPL,APPLE INC,120.49000
14593,06/18/2007,AAPL,APPLE INC,125.02000
14593,06/19/2007,AAPL,APPLE INC,123.66000
14593,06/20/2007,AAPL,APPLE INC,121.56000
14593,06/21/2007,AAPL,APPLE INC,123.90000
14593,06/22/2007,AAPL,APPLE INC,122.99000
14593,06/25/2007,AAPL,APPLE INC,122.23000
14593,06/26/2007,AAPL,APPLE INC,119.63000
14593,06/27/2007,AAPL,APPLE INC,121.97000
14593,06/28/2007,AAPL,APPLE INC,120.55000
14593,06/29/2007,AAPL,APPLE INC,122.05000
14593,07/02/2007,AAPL,APPLE INC,121.19000
14593,07/03/2007,AAPL,APPLE INC,127.16000
14593,07/05/2007,AAPL,APPLE INC,132.72000
14593,07/06/2007,AAPL,APPLE INC,132.25999
14593,07/09/2007,AAPL,APPLE INC,130.32001
14593,07/10/2007,AAPL,APPLE INC,132.35001
14593,07/11/2007,AAPL,APPLE INC,132.34000
14593,07/12/2007,AAPL,APPLE INC,134.10001
14593,07/13/2007,AAPL,APPLE INC,137.64999
14593,07/16/2007,AAPL,APPLE INC,138.07001
14593,07/17/2007,AAPL,APPLE INC,138.86000
14593,07/18/2007,AAPL,APPLE INC,138.12000
14593,07/19/2007,AAPL,APPLE INC,139.85001
14593,07/20/2007,AAPL,APPLE INC,143.72000
14593,07/23/2007,AAPL,APPLE INC,143.66000
14593,07/24/2007,AAPL,APPLE INC,134.91000
14593,07/25/2007,AAPL,APPLE INC,137.12000
14593,07/26/2007,AAPL,APPLE INC,146.67999
14593,07/27/2007,AAPL,APPLE INC,143.80000
14593,07/30/2007,AAPL,APPLE INC,141.42000
14593,07/31/2007,AAPL,APPLE INC,131.67999
14593,08/01/2007,AAPL,APPLE INC,135.08000
14593,08/02/2007,AAPL,APPLE INC,136.45000
14593,08/03/2007,AAPL,APPLE INC,131.73000
14593,08/06/2007,AAPL,APPLE INC,135.17999
14593,08/07/2007,AAPL,APPLE INC,135.03000
14593,08/08/2007,AAPL,APPLE INC,133.94000
14593,08/09/2007,AAPL,APPLE INC,126.82000
14593,08/10/2007,AAPL,APPLE INC,124.99000
14593,08/13/2007,AAPL,APPLE INC,127.79000
14593,08/14/2007,AAPL,APPLE INC,124.10000
14593,08/15/2007,AAPL,APPLE INC,119.95000
14593,08/16/2007,AAPL,APPLE INC,117.25000
14593,08/17/2007,AAPL,APPLE INC,122.06000
14593,08/20/2007,AAPL,APPLE INC,122.08000
14593,08/21/2007,AAPL,APPLE INC,127.63000
14593,08/22/2007,AAPL,APPLE INC,132.50000
14593,08/23/2007,AAPL,APPLE INC,131.00999
14593,08/24/2007,AAPL,APPLE INC,135.28999
14593,08/27/2007,AAPL,APPLE INC,132.14000
14593,08/28/2007,AAPL,APPLE INC,126.84000
14593,08/29/2007,AAPL,APPLE INC,134.03000
14593,08/30/2007,AAPL,APPLE INC,136.19000
14593,08/31/2007,AAPL,APPLE INC,138.33000
14593,09/04/2007,AAPL,APPLE INC,144.17000
14593,09/05/2007,AAPL,APPLE INC,136.73000
14593,09/06/2007,AAPL,APPLE INC,135.00000
14593,09/07/2007,AAPL,APPLE INC,131.78999
14593,09/10/2007,AAPL,APPLE INC,136.71001
14593,09/11/2007,AAPL,APPLE INC,135.47000
14593,09/12/2007,AAPL,APPLE INC,136.83000
14593,09/13/2007,AAPL,APPLE INC,137.22000
14593,09/14/2007,AAPL,APPLE INC,138.73000
14593,09/17/2007,AAPL,APPLE INC,138.41000
14593,09/18/2007,AAPL,APPLE INC,140.89000
14593,09/19/2007,AAPL,APPLE INC,140.75000
14593,09/20/2007,AAPL,APPLE INC,140.27000
14593,09/21/2007,AAPL,APPLE INC,144.13000
14593,09/24/2007,AAPL,APPLE INC,148.44000
14593,09/25/2007,AAPL,APPLE INC,153.21001
14593,09/26/2007,AAPL,APPLE INC,152.72000
14593,09/27/2007,AAPL,APPLE INC,154.41000
14593,09/28/2007,AAPL,APPLE INC,153.46001
14593,10/01/2007,AAPL,APPLE INC,156.35001
14593,10/02/2007,AAPL,APPLE INC,158.39999
14593,10/03/2007,AAPL,APPLE INC,157.95000
14593,10/04/2007,AAPL,APPLE INC,156.31000
14593,10/05/2007,AAPL,APPLE INC,161.50999
14593,10/08/2007,AAPL,APPLE INC,167.78999
14593,10/09/2007,AAPL,APPLE INC,167.85001
14593,10/10/2007,AAPL,APPLE INC,166.70000
14593,10/11/2007,AAPL,APPLE INC,162.24001
14593,10/12/2007,AAPL,APPLE INC,167.23000
14593,10/15/2007,AAPL,APPLE INC,166.98000
14593,10/16/2007,AAPL,APPLE INC,169.58000
14593,10/17/2007,AAPL,APPLE INC,172.62000
14593,10/18/2007,AAPL,APPLE INC,173.46001
14593,10/19/2007,AAPL,APPLE INC,170.50000
14593,10/22/2007,AAPL,APPLE INC,174.39999
14593,10/23/2007,AAPL,APPLE INC,186.03000
14593,10/24/2007,AAPL,APPLE INC,185.86000
14593,10/25/2007,AAPL,APPLE INC,182.66000
14593,10/26/2007,AAPL,APPLE INC,184.66000
14593,10/29/2007,AAPL,APPLE INC,184.92999
14593,10/30/2007,AAPL,APPLE INC,187.02000
14593,10/31/2007,AAPL,APPLE INC,189.69000
14593,11/01/2007,AAPL,APPLE INC,187.44000
14593,11/02/2007,AAPL,APPLE INC,187.84000
14593,11/05/2007,AAPL,APPLE INC,186.03999
14593,11/06/2007,AAPL,APPLE INC,191.89000
14593,11/07/2007,AAPL,APPLE INC,186.50999
14593,11/08/2007,AAPL,APPLE INC,175.47000
14593,11/09/2007,AAPL,APPLE INC,165.33000
14593,11/12/2007,AAPL,APPLE INC,153.61000
14593,11/13/2007,AAPL,APPLE INC,169.83000
14593,11/14/2007,AAPL,APPLE INC,166.03000
14593,11/15/2007,AAPL,APPLE INC,164.25000
14593,11/16/2007,AAPL,APPLE INC,166.39999
14593,11/19/2007,AAPL,APPLE INC,163.94000
14593,11/20/2007,AAPL,APPLE INC,168.85001
14593,11/21/2007,AAPL,APPLE INC,168.31000
14593,11/23/2007,AAPL,APPLE INC,171.39999
14593,11/26/2007,AAPL,APPLE INC,172.53999
14593,11/27/2007,AAPL,APPLE INC,174.75999
14593,11/28/2007,AAPL,APPLE INC,180.16000
14593,11/29/2007,AAPL,APPLE INC,184.28000
14593,11/30/2007,AAPL,APPLE INC,182.00000
14593,12/03/2007,AAPL,APPLE INC,178.89999
14593,12/04/2007,AAPL,APPLE INC,179.81000
14593,12/05/2007,AAPL,APPLE INC,185.45000
14593,12/06/2007,AAPL,APPLE INC,189.95000
14593,12/07/2007,AAPL,APPLE INC,194.25999
14593,12/10/2007,AAPL,APPLE INC,194.17000
14593,12/11/2007,AAPL,APPLE INC,188.50000
14593,12/12/2007,AAPL,APPLE INC,191.06000
14593,12/13/2007,AAPL,APPLE INC,191.77000
14593,12/14/2007,AAPL,APPLE INC,190.34000
14593,12/17/2007,AAPL,APPLE INC,184.42000
14593,12/18/2007,AAPL,APPLE INC,182.96001
14593,12/19/2007,AAPL,APPLE INC,183.02000
14593,12/20/2007,AAPL,APPLE INC,187.14999
14593,12/21/2007,AAPL,APPLE INC,193.23000
14593,12/24/2007,AAPL,APPLE INC,198.75000
14593,12/26/2007,AAPL,APPLE INC,198.84000
14593,12/27/2007,AAPL,APPLE INC,198.69000
14593,12/28/2007,AAPL,APPLE INC,199.80000
14593,12/31/2007,AAPL,APPLE INC,198.07001
14593,01/02/2008,AAPL,APPLE INC,194.94000
14593,01/03/2008,AAPL,APPLE INC,194.84000
14593,01/04/2008,AAPL,APPLE INC,179.99001
14593,01/07/2008,AAPL,APPLE INC,177.62000
14593,01/08/2008,AAPL,APPLE INC,171.20000
14593,01/09/2008,AAPL,APPLE INC,179.45000
14593,01/10/2008,AAPL,APPLE INC,178.02000
14593,01/11/2008,AAPL,APPLE INC,172.44000
14593,01/14/2008,AAPL,APPLE INC,178.66000
14593,01/15/2008,AAPL,APPLE INC,169.00000
14593,01/16/2008,AAPL,APPLE INC,159.60001
14593,01/17/2008,AAPL,APPLE INC,159.94000
14593,01/18/2008,AAPL,APPLE INC,161.25999
14593,01/22/2008,AAPL,APPLE INC,157.46001
14593,01/23/2008,AAPL,APPLE INC,139.00000
14593,01/24/2008,AAPL,APPLE INC,135.53999
14593,01/25/2008,AAPL,APPLE INC,129.97000
14593,01/28/2008,AAPL,APPLE INC,129.99001
14593,01/29/2008,AAPL,APPLE INC,131.48000
14593,01/30/2008,AAPL,APPLE INC,132.10001
14593,01/31/2008,AAPL,APPLE INC,134.83000
14593,02/01/2008,AAPL,APPLE INC,133.70000
14593,02/04/2008,AAPL,APPLE INC,131.74001
14593,02/05/2008,AAPL,APPLE INC,129.39000
14593,02/06/2008,AAPL,APPLE INC,121.94000
14593,02/07/2008,AAPL,APPLE INC,121.22000
14593,02/08/2008,AAPL,APPLE INC,125.62000
14593,02/11/2008,AAPL,APPLE INC,129.45000
14593,02/12/2008,AAPL,APPLE INC,124.88000
14593,02/13/2008,AAPL,APPLE INC,129.24001
14593,02/14/2008,AAPL,APPLE INC,127.51000
14593,02/15/2008,AAPL,APPLE INC,124.63000
14593,02/19/2008,AAPL,APPLE INC,122.37000
14593,02/20/2008,AAPL,APPLE INC,123.74000
14593,02/21/2008,AAPL,APPLE INC,121.59000
14593,02/22/2008,AAPL,APPLE INC,119.40000
14593,02/25/2008,AAPL,APPLE INC,119.50000
14593,02/26/2008,AAPL,APPLE INC,119.10000
14593,02/27/2008,AAPL,APPLE INC,122.92000
14593,02/28/2008,AAPL,APPLE INC,129.89000
14593,02/29/2008,AAPL,APPLE INC,125.15000
14593,03/03/2008,AAPL,APPLE INC,121.73000
14593,03/04/2008,AAPL,APPLE INC,124.60000
14593,03/05/2008,AAPL,APPLE INC,124.43000
14593,03/06/2008,AAPL,APPLE INC,121.43000
14593,03/07/2008,AAPL,APPLE INC,122.31000
14593,03/10/2008,AAPL,APPLE INC,119.70000
14593,03/11/2008,AAPL,APPLE INC,127.35000
14593,03/12/2008,AAPL,APPLE INC,126.03000
14593,03/13/2008,AAPL,APPLE INC,127.94000
14593,03/14/2008,AAPL,APPLE INC,126.91000
14593,03/17/2008,AAPL,APPLE INC,126.73000
14593,03/18/2008,AAPL,APPLE INC,132.92000
14593,03/19/2008,AAPL,APPLE INC,129.67999
14593,03/20/2008,AAPL,APPLE INC,133.25999
14593,03/24/2008,AAPL,APPLE INC,139.64000
14593,03/25/2008,AAPL,APPLE INC,140.91000
14593,03/26/2008,AAPL,APPLE INC,145.05000
14593,03/27/2008,AAPL,APPLE INC,140.27000
14593,03/28/2008,AAPL,APPLE INC,142.92999
14593,03/31/2008,AAPL,APPLE INC,143.50000
14593,04/01/2008,AAPL,APPLE INC,149.53999
14593,04/02/2008,AAPL,APPLE INC,147.44000
14593,04/03/2008,AAPL,APPLE INC,151.55000
14593,04/04/2008,AAPL,APPLE INC,153.07001
14593,04/07/2008,AAPL,APPLE INC,155.89000
14593,04/08/2008,AAPL,APPLE INC,152.80000
14593,04/09/2008,AAPL,APPLE INC,151.44000
14593,04/10/2008,AAPL,APPLE INC,154.50999
14593,04/11/2008,AAPL,APPLE INC,147.22000
14593,04/14/2008,AAPL,APPLE INC,147.74001
14593,04/15/2008,AAPL,APPLE INC,148.36000
14593,04/16/2008,AAPL,APPLE INC,153.61000
14593,04/17/2008,AAPL,APPLE INC,154.49001
14593,04/18/2008,AAPL,APPLE INC,161.07001
14593,04/21/2008,AAPL,APPLE INC,168.12000
14593,04/22/2008,AAPL,APPLE INC,160.20000
14593,04/23/2008,AAPL,APPLE INC,162.67999
14593,04/24/2008,AAPL,APPLE INC,168.92000
14593,04/25/2008,AAPL,APPLE INC,169.75999
14593,04/28/2008,AAPL,APPLE INC,172.23000
14593,04/29/2008,AAPL,APPLE INC,174.99001
14593,04/30/2008,AAPL,APPLE INC,173.91000
14593,05/01/2008,AAPL,APPLE INC,179.98000
14593,05/02/2008,AAPL,APPLE INC,181.00000
14593,05/05/2008,AAPL,APPLE INC,184.50999
14593,05/06/2008,AAPL,APPLE INC,186.53999
14593,05/07/2008,AAPL,APPLE INC,182.75000
14593,05/08/2008,AAPL,APPLE INC,184.99001
14593,05/09/2008,AAPL,APPLE INC,183.32001
14593,05/12/2008,AAPL,APPLE INC,187.91000
14593,05/13/2008,AAPL,APPLE INC,189.91000
14593,05/14/2008,AAPL,APPLE INC,186.17999
14593,05/15/2008,AAPL,APPLE INC,189.60001
14593,05/16/2008,AAPL,APPLE INC,187.67999
14593,05/19/2008,AAPL,APPLE INC,183.56000
14593,05/20/2008,AAPL,APPLE INC,185.95000
14593,05/21/2008,AAPL,APPLE INC,178.19000
14593,05/22/2008,AAPL,APPLE INC,177.03999
14593,05/23/2008,AAPL,APPLE INC,181.16000
14593,05/27/2008,AAPL,APPLE INC,186.27000
14593,05/28/2008,AAPL,APPLE INC,186.86000
14593,05/29/2008,AAPL,APPLE INC,186.64999
14593,05/30/2008,AAPL,APPLE INC,188.55000
14593,06/02/2008,AAPL,APPLE INC,186.09000
14593,06/03/2008,AAPL,APPLE INC,185.37000
14593,06/04/2008,AAPL,APPLE INC,185.11000
14593,06/05/2008,AAPL,APPLE INC,189.31000
14593,06/06/2008,AAPL,APPLE INC,185.75999
14593,06/09/2008,AAPL,APPLE INC,181.67999
14593,06/10/2008,AAPL,APPLE INC,185.64000
14593,06/11/2008,AAPL,APPLE INC,180.95000
14593,06/12/2008,AAPL,APPLE INC,172.80000
14593,06/13/2008,AAPL,APPLE INC,172.28999
14593,06/16/2008,AAPL,APPLE INC,176.70000
14593,06/17/2008,AAPL,APPLE INC,181.42000
14593,06/18/2008,AAPL,APPLE INC,178.77000
14593,06/19/2008,AAPL,APPLE INC,180.89999
14593,06/20/2008,AAPL,APPLE INC,175.17999
14593,06/23/2008,AAPL,APPLE INC,173.16000
14593,06/24/2008,AAPL,APPLE INC,173.19000
14593,06/25/2008,AAPL,APPLE INC,177.31000
14593,06/26/2008,AAPL,APPLE INC,168.25000
14593,06/27/2008,AAPL,APPLE INC,170.09000
14593,06/30/2008,AAPL,APPLE INC,167.44000
14593,07/01/2008,AAPL,APPLE INC,174.63000
14593,07/02/2008,AAPL,APPLE INC,168.17999
14593,07/03/2008,AAPL,APPLE INC,170.05000
14593,07/07/2008,AAPL,APPLE INC,175.07001
14593,07/08/2008,AAPL,APPLE INC,179.56000
14593,07/09/2008,AAPL,APPLE INC,174.25000
14593,07/10/2008,AAPL,APPLE INC,176.60001
14593,07/11/2008,AAPL,APPLE INC,172.59000
14593,07/14/2008,AAPL,APPLE INC,173.88000
14593,07/15/2008,AAPL,APPLE INC,169.58000
14593,07/16/2008,AAPL,APPLE INC,172.71001
14593,07/17/2008,AAPL,APPLE INC,171.64000
14593,07/18/2008,AAPL,APPLE INC,165.23000
14593,07/21/2008,AAPL,APPLE INC,166.48000
14593,07/22/2008,AAPL,APPLE INC,162.14000
14593,07/23/2008,AAPL,APPLE INC,166.06000
14593,07/24/2008,AAPL,APPLE INC,159.08000
14593,07/25/2008,AAPL,APPLE INC,162.08000
14593,07/28/2008,AAPL,APPLE INC,154.73000
14593,07/29/2008,AAPL,APPLE INC,156.94000
14593,07/30/2008,AAPL,APPLE INC,159.98000
14593,07/31/2008,AAPL,APPLE INC,158.94000
14593,08/01/2008,AAPL,APPLE INC,156.72000
14593,08/04/2008,AAPL,APPLE INC,153.28000
14593,08/05/2008,AAPL,APPLE INC,160.52000
14593,08/06/2008,AAPL,APPLE INC,164.17999
14593,08/07/2008,AAPL,APPLE INC,163.66000
14593,08/08/2008,AAPL,APPLE INC,169.34000
14593,08/11/2008,AAPL,APPLE INC,173.50000
14593,08/12/2008,AAPL,APPLE INC,176.86000
14593,08/13/2008,AAPL,APPLE INC,179.28000
14593,08/14/2008,AAPL,APPLE INC,179.25999
14593,08/15/2008,AAPL,APPLE INC,175.69000
14593,08/18/2008,AAPL,APPLE INC,175.42000
14593,08/19/2008,AAPL,APPLE INC,173.53000
14593,08/20/2008,AAPL,APPLE INC,175.84000
14593,08/21/2008,AAPL,APPLE INC,174.24001
14593,08/22/2008,AAPL,APPLE INC,176.75000
14593,08/25/2008,AAPL,APPLE INC,172.57001
14593,08/26/2008,AAPL,APPLE INC,173.66000
14593,08/27/2008,AAPL,APPLE INC,174.61000
14593,08/28/2008,AAPL,APPLE INC,173.59000
14593,08/29/2008,AAPL,APPLE INC,169.56000
14593,09/02/2008,AAPL,APPLE INC,166.20000
14593,09/03/2008,AAPL,APPLE INC,167.05000
14593,09/04/2008,AAPL,APPLE INC,161.23000
14593,09/05/2008,AAPL,APPLE INC,160.00000
14593,09/08/2008,AAPL,APPLE INC,157.66000
14593,09/09/2008,AAPL,APPLE INC,151.56000
14593,09/10/2008,AAPL,APPLE INC,151.52000
14593,09/11/2008,AAPL,APPLE INC,152.53000
14593,09/12/2008,AAPL,APPLE INC,148.89999
14593,09/15/2008,AAPL,APPLE INC,140.60001
14593,09/16/2008,AAPL,APPLE INC,139.67000
14593,09/17/2008,AAPL,APPLE INC,128.00000
14593,09/18/2008,AAPL,APPLE INC,133.72000
14593,09/19/2008,AAPL,APPLE INC,140.75999
14593,09/22/2008,AAPL,APPLE INC,130.80000
14593,09/23/2008,AAPL,APPLE INC,126.84000
14593,09/24/2008,AAPL,APPLE INC,128.85001
14593,09/25/2008,AAPL,APPLE INC,131.92999
14593,09/26/2008,AAPL,APPLE INC,128.23000
14593,09/29/2008,AAPL,APPLE INC,105.66000
14593,09/30/2008,AAPL,APPLE INC,113.66000
14593,10/01/2008,AAPL,APPLE INC,109.12000
14593,10/02/2008,AAPL,APPLE INC,100.10000
14593,10/03/2008,AAPL,APPLE INC,97.11000
14593,10/06/2008,AAPL,APPLE INC,97.65000
14593,10/07/2008,AAPL,APPLE INC,89.29000
14593,10/08/2008,AAPL,APPLE INC,89.51000
14593,10/09/2008,AAPL,APPLE INC,89.00000
14593,10/10/2008,AAPL,APPLE INC,97.16000
14593,10/13/2008,AAPL,APPLE INC,110.08000
14593,10/14/2008,AAPL,APPLE INC,104.03000
14593,10/15/2008,AAPL,APPLE INC,97.92000
14593,10/16/2008,AAPL,APPLE INC,101.86000
14593,10/17/2008,AAPL,APPLE INC,97.34000
14593,10/20/2008,AAPL,APPLE INC,98.41000
14593,10/21/2008,AAPL,APPLE INC,91.30000
14593,10/22/2008,AAPL,APPLE INC,96.68000
14593,10/23/2008,AAPL,APPLE INC,98.23000
14593,10/24/2008,AAPL,APPLE INC,96.33000
14593,10/27/2008,AAPL,APPLE INC,92.01000
14593,10/28/2008,AAPL,APPLE INC,100.04000
14593,10/29/2008,AAPL,APPLE INC,104.49000
14593,10/30/2008,AAPL,APPLE INC,111.05000
14593,10/31/2008,AAPL,APPLE INC,107.84000
14593,11/03/2008,AAPL,APPLE INC,106.90000
14593,11/04/2008,AAPL,APPLE INC,110.85000
14593,11/05/2008,AAPL,APPLE INC,103.25000
14593,11/06/2008,AAPL,APPLE INC,99.15000
14593,11/07/2008,AAPL,APPLE INC,98.20000
14593,11/10/2008,AAPL,APPLE INC,95.70000
14593,11/11/2008,AAPL,APPLE INC,94.77000
14593,11/12/2008,AAPL,APPLE INC,90.12000
14593,11/13/2008,AAPL,APPLE INC,96.32000
14593,11/14/2008,AAPL,APPLE INC,90.19000
14593,11/17/2008,AAPL,APPLE INC,88.13000
14593,11/18/2008,AAPL,APPLE INC,89.69000
14593,11/19/2008,AAPL,APPLE INC,86.21000
14593,11/20/2008,AAPL,APPLE INC,80.65000
14593,11/21/2008,AAPL,APPLE INC,82.59000
14593,11/24/2008,AAPL,APPLE INC,92.77000
14593,11/25/2008,AAPL,APPLE INC,90.80000
14593,11/26/2008,AAPL,APPLE INC,94.97000
14593,11/28/2008,AAPL,APPLE INC,92.66000
14593,12/01/2008,AAPL,APPLE INC,89.00000
14593,12/02/2008,AAPL,APPLE INC,92.46000
14593,12/03/2008,AAPL,APPLE INC,95.90000
14593,12/04/2008,AAPL,APPLE INC,91.21000
14593,12/05/2008,AAPL,APPLE INC,93.87000
14593,12/08/2008,AAPL,APPLE INC,99.44000
14593,12/09/2008,AAPL,APPLE INC,100.04000
14593,12/10/2008,AAPL,APPLE INC,98.11000
14593,12/11/2008,AAPL,APPLE INC,95.01000
14593,12/12/2008,AAPL,APPLE INC,98.32000
14593,12/15/2008,AAPL,APPLE INC,94.76000
14593,12/16/2008,AAPL,APPLE INC,95.27000
14593,12/17/2008,AAPL,APPLE INC,89.00000
14593,12/18/2008,AAPL,APPLE INC,89.42000
14593,12/19/2008,AAPL,APPLE INC,89.73000
14593,12/22/2008,AAPL,APPLE INC,85.61000
14593,12/23/2008,AAPL,APPLE INC,86.41000
14593,12/24/2008,AAPL,APPLE INC,84.97000
14593,12/26/2008,AAPL,APPLE INC,85.82000
14593,12/29/2008,AAPL,APPLE INC,86.60000
14593,12/30/2008,AAPL,APPLE INC,86.21000
14593,12/31/2008,AAPL,APPLE INC,85.35000
14593,01/02/2009,AAPL,APPLE INC,90.59000
14593,01/05/2009,AAPL,APPLE INC,94.58000
14593,01/06/2009,AAPL,APPLE INC,92.94000
14593,01/07/2009,AAPL,APPLE INC,90.99000
14593,01/08/2009,AAPL,APPLE INC,92.76000
14593,01/09/2009,AAPL,APPLE INC,90.56000
14593,01/12/2009,AAPL,APPLE INC,88.57000
14593,01/13/2009,AAPL,APPLE INC,87.54000
14593,01/14/2009,AAPL,APPLE INC,85.30000
14593,01/15/2009,AAPL,APPLE INC,83.37000
14593,01/16/2009,AAPL,APPLE INC,82.28000
14593,01/20/2009,AAPL,APPLE INC,78.25000
14593,01/21/2009,AAPL,APPLE INC,82.78000
14593,01/22/2009,AAPL,APPLE INC,88.34000
14593,01/23/2009,AAPL,APPLE INC,88.34000
14593,01/26/2009,AAPL,APPLE INC,89.55000
14593,01/27/2009,AAPL,APPLE INC,90.70000
14593,01/28/2009,AAPL,APPLE INC,94.29000
14593,01/29/2009,AAPL,APPLE INC,92.92000
14593,01/30/2009,AAPL,APPLE INC,90.13000
14593,02/02/2009,AAPL,APPLE INC,91.51000
14593,02/03/2009,AAPL,APPLE INC,92.94000
14593,02/04/2009,AAPL,APPLE INC,93.52000
14593,02/05/2009,AAPL,APPLE INC,96.52000
14593,02/06/2009,AAPL,APPLE INC,99.66000
14593,02/09/2009,AAPL,APPLE INC,102.54000
14593,02/10/2009,AAPL,APPLE INC,97.90000
14593,02/11/2009,AAPL,APPLE INC,96.81000
14593,02/12/2009,AAPL,APPLE INC,99.26000
14593,02/13/2009,AAPL,APPLE INC,99.11000
14593,02/17/2009,AAPL,APPLE INC,94.53000
14593,02/18/2009,AAPL,APPLE INC,94.34000
14593,02/19/2009,AAPL,APPLE INC,90.63000
14593,02/20/2009,AAPL,APPLE INC,91.12000
14593,02/23/2009,AAPL,APPLE INC,87.04000
14593,02/24/2009,AAPL,APPLE INC,90.25000
14593,02/25/2009,AAPL,APPLE INC,91.07000
14593,02/26/2009,AAPL,APPLE INC,89.02000
14593,02/27/2009,AAPL,APPLE INC,89.31000
14593,03/02/2009,AAPL,APPLE INC,87.98000
14593,03/03/2009,AAPL,APPLE INC,88.37000
14593,03/04/2009,AAPL,APPLE INC,91.26000
14593,03/05/2009,AAPL,APPLE INC,88.93000
14593,03/06/2009,AAPL,APPLE INC,85.29000
14593,03/09/2009,AAPL,APPLE INC,83.05000
14593,03/10/2009,AAPL,APPLE INC,88.53000
14593,03/11/2009,AAPL,APPLE INC,92.67000
14593,03/12/2009,AAPL,APPLE INC,96.21000
14593,03/13/2009,AAPL,APPLE INC,95.71000
14593,03/16/2009,AAPL,APPLE INC,95.36000
14593,03/17/2009,AAPL,APPLE INC,99.65000
14593,03/18/2009,AAPL,APPLE INC,101.54000
14593,03/19/2009,AAPL,APPLE INC,101.66000
14593,03/20/2009,AAPL,APPLE INC,101.49000
14593,03/23/2009,AAPL,APPLE INC,107.58000
14593,03/24/2009,AAPL,APPLE INC,106.51000
14593,03/25/2009,AAPL,APPLE INC,106.49000
14593,03/26/2009,AAPL,APPLE INC,109.67000
14593,03/27/2009,AAPL,APPLE INC,106.77000
14593,03/30/2009,AAPL,APPLE INC,104.44000
14593,03/31/2009,AAPL,APPLE INC,105.02000
14593,04/01/2009,AAPL,APPLE INC,108.69000
14593,04/02/2009,AAPL,APPLE INC,112.69000
14593,04/03/2009,AAPL,APPLE INC,115.92000
14593,04/06/2009,AAPL,APPLE INC,118.43000
14593,04/07/2009,AAPL,APPLE INC,114.75000
14593,04/08/2009,AAPL,APPLE INC,116.31000
14593,04/09/2009,AAPL,APPLE INC,119.57000
14593,04/13/2009,AAPL,APPLE INC,120.21000
14593,04/14/2009,AAPL,APPLE INC,118.18000
14593,04/15/2009,AAPL,APPLE INC,117.56000
14593,04/16/2009,AAPL,APPLE INC,121.33000
14593,04/17/2009,AAPL,APPLE INC,123.36000
14593,04/20/2009,AAPL,APPLE INC,120.44000
14593,04/21/2009,AAPL,APPLE INC,121.76000
14593,04/22/2009,AAPL,APPLE INC,121.23000
14593,04/23/2009,AAPL,APPLE INC,125.38000
14593,04/24/2009,AAPL,APPLE INC,123.88000
14593,04/27/2009,AAPL,APPLE INC,124.73000
14593,04/28/2009,AAPL,APPLE INC,123.98000
14593,04/29/2009,AAPL,APPLE INC,125.29000
14593,04/30/2009,AAPL,APPLE INC,125.79000
14593,05/01/2009,AAPL,APPLE INC,127.10000
14593,05/04/2009,AAPL,APPLE INC,132.09000
14593,05/05/2009,AAPL,APPLE INC,132.70000
14593,05/06/2009,AAPL,APPLE INC,132.46001
14593,05/07/2009,AAPL,APPLE INC,128.91000
14593,05/08/2009,AAPL,APPLE INC,129.14999
14593,05/11/2009,AAPL,APPLE INC,129.46001
14593,05/12/2009,AAPL,APPLE INC,124.42000
14593,05/13/2009,AAPL,APPLE INC,119.40000
14593,05/14/2009,AAPL,APPLE INC,122.84000
14593,05/15/2009,AAPL,APPLE INC,122.32000
14593,05/18/2009,AAPL,APPLE INC,126.66000
14593,05/19/2009,AAPL,APPLE INC,127.48000
14593,05/20/2009,AAPL,APPLE INC,125.85000
14593,05/21/2009,AAPL,APPLE INC,123.93000
14593,05/22/2009,AAPL,APPLE INC,122.50000
14593,05/26/2009,AAPL,APPLE INC,130.72000
14593,05/27/2009,AAPL,APPLE INC,132.96001
14593,05/28/2009,AAPL,APPLE INC,135.02000
14593,05/29/2009,AAPL,APPLE INC,135.82001
14593,06/01/2009,AAPL,APPLE INC,139.32001
14593,06/02/2009,AAPL,APPLE INC,139.46001
14593,06/03/2009,AAPL,APPLE INC,141.02000
14593,06/04/2009,AAPL,APPLE INC,143.58000
14593,06/05/2009,AAPL,APPLE INC,144.69000
14593,06/08/2009,AAPL,APPLE INC,143.81000
14593,06/09/2009,AAPL,APPLE INC,142.70000
14593,06/10/2009,AAPL,APPLE INC,140.20000
14593,06/11/2009,AAPL,APPLE INC,139.81000
14593,06/12/2009,AAPL,APPLE INC,136.89000
14593,06/15/2009,AAPL,APPLE INC,136.09000
14593,06/16/2009,AAPL,APPLE INC,136.35001
14593,06/17/2009,AAPL,APPLE INC,135.50999
14593,06/18/2009,AAPL,APPLE INC,135.89999
14593,06/19/2009,AAPL,APPLE INC,139.39999
14593,06/22/2009,AAPL,APPLE INC,137.33000
14593,06/23/2009,AAPL,APPLE INC,133.92000
14593,06/24/2009,AAPL,APPLE INC,136.22000
14593,06/25/2009,AAPL,APPLE INC,139.92999
14593,06/26/2009,AAPL,APPLE INC,142.33000
14593,06/29/2009,AAPL,APPLE INC,141.72000
14593,06/30/2009,AAPL,APPLE INC,142.52000
14593,07/01/2009,AAPL,APPLE INC,142.64999
14593,07/02/2009,AAPL,APPLE INC,140.02000
14593,07/06/2009,AAPL,APPLE INC,138.61000
14593,07/07/2009,AAPL,APPLE INC,135.35001
14593,07/08/2009,AAPL,APPLE INC,137.23000
14593,07/09/2009,AAPL,APPLE INC,136.28000
14593,07/10/2009,AAPL,APPLE INC,138.49001
14593,07/13/2009,AAPL,APPLE INC,142.32001
14593,07/14/2009,AAPL,APPLE INC,142.23000
14593,07/15/2009,AAPL,APPLE INC,146.82001
14593,07/16/2009,AAPL,APPLE INC,147.50999
14593,07/17/2009,AAPL,APPLE INC,151.63000
14593,07/20/2009,AAPL,APPLE INC,152.94000
14593,07/21/2009,AAPL,APPLE INC,151.58000
14593,07/22/2009,AAPL,APPLE INC,156.71001
14593,07/23/2009,AAPL,APPLE INC,157.81000
14593,07/24/2009,AAPL,APPLE INC,159.91000
14593,07/27/2009,AAPL,APPLE INC,160.10001
14593,07/28/2009,AAPL,APPLE INC,159.89000
14593,07/29/2009,AAPL,APPLE INC,160.03000
14593,07/30/2009,AAPL,APPLE INC,162.77000
14593,07/31/2009,AAPL,APPLE INC,163.47000
14593,08/03/2009,AAPL,APPLE INC,166.34000
14593,08/04/2009,AAPL,APPLE INC,165.49001
14593,08/05/2009,AAPL,APPLE INC,165.11000
14593,08/06/2009,AAPL,APPLE INC,163.91000
14593,08/07/2009,AAPL,APPLE INC,165.56000
14593,08/10/2009,AAPL,APPLE INC,164.72000
14593,08/11/2009,AAPL,APPLE INC,162.83000
14593,08/12/2009,AAPL,APPLE INC,165.33000
14593,08/13/2009,AAPL,APPLE INC,168.41000
14593,08/14/2009,AAPL,APPLE INC,166.78999
14593,08/17/2009,AAPL,APPLE INC,159.59000
14593,08/18/2009,AAPL,APPLE INC,163.97000
14593,08/19/2009,AAPL,APPLE INC,164.60001
14593,08/20/2009,AAPL,APPLE INC,166.33000
14593,08/21/2009,AAPL,APPLE INC,169.14999
14593,08/24/2009,AAPL,APPLE INC,169.03000
14593,08/25/2009,AAPL,APPLE INC,169.35001
14593,08/26/2009,AAPL,APPLE INC,167.41000
14593,08/27/2009,AAPL,APPLE INC,169.44000
14593,08/28/2009,AAPL,APPLE INC,169.99001
14593,08/31/2009,AAPL,APPLE INC,168.25999
14593,09/01/2009,AAPL,APPLE INC,165.28000
14593,09/02/2009,AAPL,APPLE INC,165.14999
14593,09/03/2009,AAPL,APPLE INC,166.55000
14593,09/04/2009,AAPL,APPLE INC,170.30000
14593,09/08/2009,AAPL,APPLE INC,172.91000
14593,09/09/2009,AAPL,APPLE INC,171.03999
14593,09/10/2009,AAPL,APPLE INC,172.55000
14593,09/11/2009,AAPL,APPLE INC,172.02000
14593,09/14/2009,AAPL,APPLE INC,173.69000
14593,09/15/2009,AAPL,APPLE INC,175.14000
14593,09/16/2009,AAPL,APPLE INC,181.87000
14593,09/17/2009,AAPL,APPLE INC,184.55000
14593,09/18/2009,AAPL,APPLE INC,185.00999
14593,09/21/2009,AAPL,APPLE INC,183.98000
14593,09/22/2009,AAPL,APPLE INC,184.48000
14593,09/23/2009,AAPL,APPLE INC,185.50000
14593,09/24/2009,AAPL,APPLE INC,183.81000
14593,09/25/2009,AAPL,APPLE INC,182.39999
14593,09/28/2009,AAPL,APPLE INC,186.14999
14593,09/29/2009,AAPL,APPLE INC,185.28999
14593,09/30/2009,AAPL,APPLE INC,185.35001
14593,10/01/2009,AAPL,APPLE INC,180.77000
14593,10/02/2009,AAPL,APPLE INC,184.89000
14593,10/05/2009,AAPL,APPLE INC,186.00999
14593,10/06/2009,AAPL,APPLE INC,189.99001
14593,10/07/2009,AAPL,APPLE INC,190.23000
14593,10/08/2009,AAPL,APPLE INC,189.14999
14593,10/09/2009,AAPL,APPLE INC,190.42000
14593,10/12/2009,AAPL,APPLE INC,190.73000
14593,10/13/2009,AAPL,APPLE INC,190.00999
14593,10/14/2009,AAPL,APPLE INC,191.30000
14593,10/15/2009,AAPL,APPLE INC,190.55000
14593,10/16/2009,AAPL,APPLE INC,188.09000
14593,10/19/2009,AAPL,APPLE INC,189.73000
14593,10/20/2009,AAPL,APPLE INC,198.82001
14593,10/21/2009,AAPL,APPLE INC,204.95000
14593,10/22/2009,AAPL,APPLE INC,205.14999
14593,10/23/2009,AAPL,APPLE INC,203.88000
14593,10/26/2009,AAPL,APPLE INC,202.27000
14593,10/27/2009,AAPL,APPLE INC,197.33000
14593,10/28/2009,AAPL,APPLE INC,192.31000
14593,10/29/2009,AAPL,APPLE INC,196.37000
14593,10/30/2009,AAPL,APPLE INC,188.50000
14593,11/02/2009,AAPL,APPLE INC,189.28000
14593,11/03/2009,AAPL,APPLE INC,188.59000
14593,11/04/2009,AAPL,APPLE INC,190.80000
14593,11/05/2009,AAPL,APPLE INC,194.06000
14593,11/06/2009,AAPL,APPLE INC,194.36000
14593,11/09/2009,AAPL,APPLE INC,201.46001
14593,11/10/2009,AAPL,APPLE INC,202.97000
14593,11/11/2009,AAPL,APPLE INC,203.25999
14593,11/12/2009,AAPL,APPLE INC,201.92999
14593,11/13/2009,AAPL,APPLE INC,204.48000
14593,11/16/2009,AAPL,APPLE INC,206.49001
14593,11/17/2009,AAPL,APPLE INC,206.99001
14593,11/18/2009,AAPL,APPLE INC,205.94000
14593,11/19/2009,AAPL,APPLE INC,200.49001
14593,11/20/2009,AAPL,APPLE INC,199.95000
14593,11/23/2009,AAPL,APPLE INC,205.85001
14593,11/24/2009,AAPL,APPLE INC,204.44000
14593,11/25/2009,AAPL,APPLE INC,204.03999
14593,11/27/2009,AAPL,APPLE INC,200.72000
14593,11/30/2009,AAPL,APPLE INC,199.91000
14593,12/01/2009,AAPL,APPLE INC,196.91000
14593,12/02/2009,AAPL,APPLE INC,196.12000
14593,12/03/2009,AAPL,APPLE INC,196.50000
14593,12/04/2009,AAPL,APPLE INC,193.28999
14593,12/07/2009,AAPL,APPLE INC,188.94000
14593,12/08/2009,AAPL,APPLE INC,189.82001
14593,12/09/2009,AAPL,APPLE INC,197.41000
14593,12/10/2009,AAPL,APPLE INC,196.39000
14593,12/11/2009,AAPL,APPLE INC,194.49001
14593,12/14/2009,AAPL,APPLE INC,196.99001
14593,12/15/2009,AAPL,APPLE INC,194.09000
14593,12/16/2009,AAPL,APPLE INC,195.03000
14593,12/17/2009,AAPL,APPLE INC,191.88000
14593,12/18/2009,AAPL,APPLE INC,195.14000
14593,12/21/2009,AAPL,APPLE INC,198.16000
14593,12/22/2009,AAPL,APPLE INC,200.50000
14593,12/23/2009,AAPL,APPLE INC,202.12000
14593,12/24/2009,AAPL,APPLE INC,209.00000
14593,12/28/2009,AAPL,APPLE INC,211.64999
14593,12/29/2009,AAPL,APPLE INC,209.03000
14593,12/30/2009,AAPL,APPLE INC,211.59000
14593,12/31/2009,AAPL,APPLE INC,210.72000
14593,01/04/2010,AAPL,APPLE INC,214.23000
14593,01/05/2010,AAPL,APPLE INC,214.35001
14593,01/06/2010,AAPL,APPLE INC,210.92999
14593,01/07/2010,AAPL,APPLE INC,210.53999
14593,01/08/2010,AAPL,APPLE INC,211.96001
14593,01/11/2010,AAPL,APPLE INC,210.02000
14593,01/12/2010,AAPL,APPLE INC,207.72000
14593,01/13/2010,AAPL,APPLE INC,210.67000
14593,01/14/2010,AAPL,APPLE INC,209.22000
14593,01/15/2010,AAPL,APPLE INC,205.91000
14593,01/19/2010,AAPL,APPLE INC,215.00999
14593,01/20/2010,AAPL,APPLE INC,211.69000
14593,01/21/2010,AAPL,APPLE INC,207.92999
14593,01/22/2010,AAPL,APPLE INC,197.55000
14593,01/25/2010,AAPL,APPLE INC,202.86000
14593,01/26/2010,AAPL,APPLE INC,205.88000
14593,01/27/2010,AAPL,APPLE INC,207.86000
14593,01/28/2010,AAPL,APPLE INC,199.28999
14593,01/29/2010,AAPL,APPLE INC,191.97000
14593,02/01/2010,AAPL,APPLE INC,194.70000
14593,02/02/2010,AAPL,APPLE INC,195.84000
14593,02/03/2010,AAPL,APPLE INC,199.22000
14593,02/04/2010,AAPL,APPLE INC,191.98000
14593,02/05/2010,AAPL,APPLE INC,195.28999
14593,02/08/2010,AAPL,APPLE INC,194.03999
14593,02/09/2010,AAPL,APPLE INC,196.14999
14593,02/10/2010,AAPL,APPLE INC,195.27000
14593,02/11/2010,AAPL,APPLE INC,198.69000
14593,02/12/2010,AAPL,APPLE INC,200.45000
14593,02/16/2010,AAPL,APPLE INC,203.39999
14593,02/17/2010,AAPL,APPLE INC,202.46001
14593,02/18/2010,AAPL,APPLE INC,203.03000
14593,02/19/2010,AAPL,APPLE INC,201.67999
14593,02/22/2010,AAPL,APPLE INC,200.36000
14593,02/23/2010,AAPL,APPLE INC,196.95000
14593,02/24/2010,AAPL,APPLE INC,200.55000
14593,02/25/2010,AAPL,APPLE INC,202.00999
14593,02/26/2010,AAPL,APPLE INC,204.62000
14593,03/01/2010,AAPL,APPLE INC,209.02000
14593,03/02/2010,AAPL,APPLE INC,208.62000
14593,03/03/2010,AAPL,APPLE INC,209.24001
14593,03/04/2010,AAPL,APPLE INC,210.64000
14593,03/05/2010,AAPL,APPLE INC,218.97000
14593,03/08/2010,AAPL,APPLE INC,218.99001
14593,03/09/2010,AAPL,APPLE INC,223.02000
14593,03/10/2010,AAPL,APPLE INC,224.84000
14593,03/11/2010,AAPL,APPLE INC,225.46001
14593,03/12/2010,AAPL,APPLE INC,226.61000
14593,03/15/2010,AAPL,APPLE INC,223.82001
14593,03/16/2010,AAPL,APPLE INC,224.53000
14593,03/17/2010,AAPL,APPLE INC,224.02000
14593,03/18/2010,AAPL,APPLE INC,224.72000
14593,03/19/2010,AAPL,APPLE INC,222.13000
14593,03/22/2010,AAPL,APPLE INC,224.78999
14593,03/23/2010,AAPL,APPLE INC,228.38000
14593,03/24/2010,AAPL,APPLE INC,229.37000
14593,03/25/2010,AAPL,APPLE INC,226.55000
14593,03/26/2010,AAPL,APPLE INC,230.89999
14593,03/29/2010,AAPL,APPLE INC,232.31000
14593,03/30/2010,AAPL,APPLE INC,235.83000
14593,03/31/2010,AAPL,APPLE INC,234.91000
14593,04/01/2010,AAPL,APPLE INC,235.94000
14593,04/05/2010,AAPL,APPLE INC,238.48000
14593,04/06/2010,AAPL,APPLE INC,239.53000
14593,04/07/2010,AAPL,APPLE INC,240.58000
14593,04/08/2010,AAPL,APPLE INC,239.89999
14593,04/09/2010,AAPL,APPLE INC,241.86000
14593,04/12/2010,AAPL,APPLE INC,242.22000
14593,04/13/2010,AAPL,APPLE INC,242.39000
14593,04/14/2010,AAPL,APPLE INC,245.62000
14593,04/15/2010,AAPL,APPLE INC,248.92000
14593,04/16/2010,AAPL,APPLE INC,247.35001
14593,04/19/2010,AAPL,APPLE INC,246.97000
14593,04/20/2010,AAPL,APPLE INC,244.60001
14593,04/21/2010,AAPL,APPLE INC,259.22000
14593,04/22/2010,AAPL,APPLE INC,266.35999
14593,04/23/2010,AAPL,APPLE INC,270.85999
14593,04/26/2010,AAPL,APPLE INC,269.48001
14593,04/27/2010,AAPL,APPLE INC,262.23001
14593,04/28/2010,AAPL,APPLE INC,261.60001
14593,04/29/2010,AAPL,APPLE INC,268.57001
14593,04/30/2010,AAPL,APPLE INC,261.00000
14593,05/03/2010,AAPL,APPLE INC,266.35001
14593,05/04/2010,AAPL,APPLE INC,258.59000
14593,05/05/2010,AAPL,APPLE INC,256.10999
14593,05/06/2010,AAPL,APPLE INC,246.02000
14593,05/07/2010,AAPL,APPLE INC,235.62000
14593,05/10/2010,AAPL,APPLE INC,253.89000
14593,05/11/2010,AAPL,APPLE INC,256.35001
14593,05/12/2010,AAPL,APPLE INC,262.06000
14593,05/13/2010,AAPL,APPLE INC,258.07001
14593,05/14/2010,AAPL,APPLE INC,253.86000
14593,05/17/2010,AAPL,APPLE INC,254.03999
14593,05/18/2010,AAPL,APPLE INC,252.24001
14593,05/19/2010,AAPL,APPLE INC,248.30000
14593,05/20/2010,AAPL,APPLE INC,237.39000
14593,05/21/2010,AAPL,APPLE INC,242.32001
14593,05/24/2010,AAPL,APPLE INC,246.75999
14593,05/25/2010,AAPL,APPLE INC,245.19000
14593,05/26/2010,AAPL,APPLE INC,244.05000
14593,05/27/2010,AAPL,APPLE INC,253.49001
14593,05/28/2010,AAPL,APPLE INC,257.16000
14593,06/01/2010,AAPL,APPLE INC,260.79001
14593,06/02/2010,AAPL,APPLE INC,263.78000
14593,06/03/2010,AAPL,APPLE INC,263.38000
14593,06/04/2010,AAPL,APPLE INC,255.96001
14593,06/07/2010,AAPL,APPLE INC,251.02000
14593,06/08/2010,AAPL,APPLE INC,249.35001
14593,06/09/2010,AAPL,APPLE INC,243.20000
14593,06/10/2010,AAPL,APPLE INC,250.74001
14593,06/11/2010,AAPL,APPLE INC,253.47000
14593,06/14/2010,AAPL,APPLE INC,254.05000
14593,06/15/2010,AAPL,APPLE INC,259.69000
14593,06/16/2010,AAPL,APPLE INC,267.25000
14593,06/17/2010,AAPL,APPLE INC,271.81000
14593,06/18/2010,AAPL,APPLE INC,274.06000
14593,06/21/2010,AAPL,APPLE INC,270.29999
14593,06/22/2010,AAPL,APPLE INC,273.45001
14593,06/23/2010,AAPL,APPLE INC,270.88000
14593,06/24/2010,AAPL,APPLE INC,268.73001
14593,06/25/2010,AAPL,APPLE INC,265.98001
14593,06/28/2010,AAPL,APPLE INC,268.29001
14593,06/29/2010,AAPL,APPLE INC,256.35001
14593,06/30/2010,AAPL,APPLE INC,251.48000
14593,07/01/2010,AAPL,APPLE INC,248.46001
14593,07/02/2010,AAPL,APPLE INC,246.82001
14593,07/06/2010,AAPL,APPLE INC,248.61000
14593,07/07/2010,AAPL,APPLE INC,258.73001
14593,07/08/2010,AAPL,APPLE INC,258.07001
14593,07/09/2010,AAPL,APPLE INC,259.62000
14593,07/12/2010,AAPL,APPLE INC,257.26001
14593,07/13/2010,AAPL,APPLE INC,252.00000
14593,07/14/2010,AAPL,APPLE INC,252.83000
14593,07/15/2010,AAPL,APPLE INC,251.21001
14593,07/16/2010,AAPL,APPLE INC,249.94000
14593,07/19/2010,AAPL,APPLE INC,245.52000
14593,07/20/2010,AAPL,APPLE INC,251.99001
14593,07/21/2010,AAPL,APPLE INC,254.25000
14593,07/22/2010,AAPL,APPLE INC,259.26999
14593,07/23/2010,AAPL,APPLE INC,260.01001
14593,07/26/2010,AAPL,APPLE INC,259.26999
14593,07/27/2010,AAPL,APPLE INC,264.04999
14593,07/28/2010,AAPL,APPLE INC,260.98001
14593,07/29/2010,AAPL,APPLE INC,258.10999
14593,07/30/2010,AAPL,APPLE INC,257.14999
14593,08/02/2010,AAPL,APPLE INC,261.76001
14593,08/03/2010,AAPL,APPLE INC,261.91000
14593,08/04/2010,AAPL,APPLE INC,262.87000
14593,08/05/2010,AAPL,APPLE INC,261.64001
14593,08/06/2010,AAPL,APPLE INC,260.00000
14593,08/09/2010,AAPL,APPLE INC,261.73001
14593,08/10/2010,AAPL,APPLE INC,259.31000
14593,08/11/2010,AAPL,APPLE INC,250.07001
14593,08/12/2010,AAPL,APPLE INC,251.74001
14593,08/13/2010,AAPL,APPLE INC,249.10001
14593,08/16/2010,AAPL,APPLE INC,247.63000
14593,08/17/2010,AAPL,APPLE INC,251.83000
14593,08/18/2010,AAPL,APPLE INC,253.05000
14593,08/19/2010,AAPL,APPLE INC,249.88000
14593,08/20/2010,AAPL,APPLE INC,249.62000
14593,08/23/2010,AAPL,APPLE INC,245.69000
14593,08/24/2010,AAPL,APPLE INC,240.17999
14593,08/25/2010,AAPL,APPLE INC,242.74001
14593,08/26/2010,AAPL,APPLE INC,240.28000
14593,08/27/2010,AAPL,APPLE INC,241.50000
14593,08/30/2010,AAPL,APPLE INC,242.50999
14593,08/31/2010,AAPL,APPLE INC,243.20000
14593,09/01/2010,AAPL,APPLE INC,250.28999
14593,09/02/2010,AAPL,APPLE INC,252.03000
14593,09/03/2010,AAPL,APPLE INC,258.75000
14593,09/07/2010,AAPL,APPLE INC,257.84000
14593,09/08/2010,AAPL,APPLE INC,262.79001
14593,09/09/2010,AAPL,APPLE INC,263.07001
14593,09/10/2010,AAPL,APPLE INC,263.39001
14593,09/13/2010,AAPL,APPLE INC,267.17999
14593,09/14/2010,AAPL,APPLE INC,267.91000
14593,09/15/2010,AAPL,APPLE INC,270.29001
14593,09/16/2010,AAPL,APPLE INC,276.57001
14593,09/17/2010,AAPL,APPLE INC,275.26999
14593,09/20/2010,AAPL,APPLE INC,283.31000
14593,09/21/2010,AAPL,APPLE INC,284.14001
14593,09/22/2010,AAPL,APPLE INC,287.69000
14593,09/23/2010,AAPL,APPLE INC,288.79999
14593,09/24/2010,AAPL,APPLE INC,292.31000
14593,09/27/2010,AAPL,APPLE INC,291.04999
14593,09/28/2010,AAPL,APPLE INC,286.78000
14593,09/29/2010,AAPL,APPLE INC,287.32999
14593,09/30/2010,AAPL,APPLE INC,283.75000
14593,10/01/2010,AAPL,APPLE INC,282.51999
14593,10/04/2010,AAPL,APPLE INC,278.60001
14593,10/05/2010,AAPL,APPLE INC,289.10001
14593,10/06/2010,AAPL,APPLE INC,288.85001
14593,10/07/2010,AAPL,APPLE INC,289.10001
14593,10/08/2010,AAPL,APPLE INC,293.98001
14593,10/11/2010,AAPL,APPLE INC,295.35999
14593,10/12/2010,AAPL,APPLE INC,298.57999
14593,10/13/2010,AAPL,APPLE INC,300.20001
14593,10/14/2010,AAPL,APPLE INC,302.23999
14593,10/15/2010,AAPL,APPLE INC,314.95001
14593,10/18/2010,AAPL,APPLE INC,317.89999
14593,10/19/2010,AAPL,APPLE INC,309.47000
14593,10/20/2010,AAPL,APPLE INC,310.19000
14593,10/21/2010,AAPL,APPLE INC,309.48999
14593,10/22/2010,AAPL,APPLE INC,307.79999
14593,10/25/2010,AAPL,APPLE INC,308.82999
14593,10/26/2010,AAPL,APPLE INC,308.04999
14593,10/27/2010,AAPL,APPLE INC,307.72000
14593,10/28/2010,AAPL,APPLE INC,305.17001
14593,10/29/2010,AAPL,APPLE INC,300.88000
14593,11/01/2010,AAPL,APPLE INC,303.97000
14593,11/02/2010,AAPL,APPLE INC,309.38000
14593,11/03/2010,AAPL,APPLE INC,312.79001
14593,11/04/2010,AAPL,APPLE INC,317.79001
14593,11/05/2010,AAPL,APPLE INC,317.04999
14593,11/08/2010,AAPL,APPLE INC,318.79001
14593,11/09/2010,AAPL,APPLE INC,315.73001
14593,11/10/2010,AAPL,APPLE INC,317.95001
14593,11/11/2010,AAPL,APPLE INC,316.53000
14593,11/12/2010,AAPL,APPLE INC,307.92001
14593,11/15/2010,AAPL,APPLE INC,307.17001
14593,11/16/2010,AAPL,APPLE INC,301.28000
14593,11/17/2010,AAPL,APPLE INC,300.37000
14593,11/18/2010,AAPL,APPLE INC,308.14001
14593,11/19/2010,AAPL,APPLE INC,306.70001
14593,11/22/2010,AAPL,APPLE INC,313.34000
14593,11/23/2010,AAPL,APPLE INC,309.03000
14593,11/24/2010,AAPL,APPLE INC,314.76999
14593,11/26/2010,AAPL,APPLE INC,315.67001
14593,11/29/2010,AAPL,APPLE INC,316.82999
14593,11/30/2010,AAPL,APPLE INC,311.01001
14593,12/01/2010,AAPL,APPLE INC,316.38000
14593,12/02/2010,AAPL,APPLE INC,317.98001
14593,12/03/2010,AAPL,APPLE INC,317.39999
14593,12/06/2010,AAPL,APPLE INC,320.06000
14593,12/07/2010,AAPL,APPLE INC,318.20001
14593,12/08/2010,AAPL,APPLE INC,320.92001
14593,12/09/2010,AAPL,APPLE INC,319.84000
14593,12/10/2010,AAPL,APPLE INC,320.44000
14593,12/13/2010,AAPL,APPLE INC,321.60001
14593,12/14/2010,AAPL,APPLE INC,320.25000
14593,12/15/2010,AAPL,APPLE INC,320.39999
14593,12/16/2010,AAPL,APPLE INC,321.01999
14593,12/17/2010,AAPL,APPLE INC,320.60999
14593,12/20/2010,AAPL,APPLE INC,322.19000
14593,12/21/2010,AAPL,APPLE INC,324.19000
14593,12/22/2010,AAPL,APPLE INC,325.14999
14593,12/23/2010,AAPL,APPLE INC,323.51001
14593,12/27/2010,AAPL,APPLE INC,324.73001
14593,12/28/2010,AAPL,APPLE INC,325.47000
14593,12/29/2010,AAPL,APPLE INC,325.17001
14593,12/30/2010,AAPL,APPLE INC,323.64999
14593,12/31/2010,AAPL,APPLE INC,322.48001
